No_gen, Best, MQ, No_clus, max_clus, min_clus
0,0.9570979006974955,0.9750348092453356,4,8,7
1,1.0231738642330017,1.041745809892285,7,5,4
2,1.1875494296323006,1.2103430626960041,11,3,2
3,1.1875494296323006,1.2103430626960041,11,3,2
4,1.1875494296323006,1.2103430626960041,11,3,2
5,1.1875494296323006,1.2103430626960041,11,3,2
6,1.1875494296323006,1.2103430626960041,11,3,2
7,1.1875494296323006,1.2103430626960041,11,3,2
8,1.2578883443823725,1.2845572152375746,11,4,2
9,1.3867692932286035,1.4191408661463107,11,4,2
10,1.3867692932286035,1.4191408661463107,11,4,2
11,1.3867692932286035,1.4191408661463107,11,4,2
12,1.440413757948548,1.4835508113729567,4,9,3
13,1.464572188195536,1.5087781996872907,4,9,3
14,1.4729414075533767,1.5182806324110671,4,10,3
15,1.4864887012042496,1.5316644707949054,4,9,3
16,1.5418578855221148,1.5894836212593222,4,9,3
17,1.5418578855221148,1.5894836212593222,4,9,3
18,1.5418578855221148,1.5894836212593222,4,9,3
19,1.5418578855221148,1.5894836212593222,4,9,3
20,1.5418578855221148,1.5894836212593222,4,9,3
21,1.5432229538626836,1.5909090909090908,4,9,3
22,1.5558072234575528,1.6040501871010346,4,9,3
23,1.5558072234575528,1.6040501871010346,4,9,3
24,1.5625689555104816,1.611111111111111,4,9,3
25,1.5873602285866395,1.6377622377622378,4,10,3
26,1.5873602285866395,1.6377622377622378,4,10,3
27,1.5873602285866395,1.6377622377622378,4,10,3
28,1.6605577383977252,1.7157243655744654,4,12,3
29,1.6605577383977252,1.7157243655744654,4,12,3
30,1.6605577383977252,1.7157243655744654,4,12,3
31,1.6605577383977252,1.7157243655744654,4,12,3
32,1.6605577383977252,1.7157243655744654,4,12,3
33,1.6605577383977252,1.7157243655744654,4,12,3
34,1.6605577383977252,1.7157243655744654,4,12,3
35,1.6605577383977252,1.7157243655744654,4,12,3
36,1.6605577383977252,1.7157243655744654,4,12,3
37,1.6605577383977252,1.7157243655744654,4,12,3
38,1.6605577383977252,1.7157243655744654,4,12,3
39,1.6605577383977252,1.7157243655744654,4,12,3
40,1.6605577383977252,1.7157243655744654,4,12,3
41,1.6605577383977252,1.7157243655744654,4,12,3
42,1.6605577383977252,1.7157243655744654,4,12,3
43,1.6605577383977252,1.7157243655744654,4,12,3
44,1.6605577383977252,1.7157243655744654,4,12,3
45,1.6605577383977252,1.7157243655744654,4,12,3
46,1.6605577383977252,1.7157243655744654,4,12,3
47,1.6605577383977252,1.7157243655744654,4,12,3
48,1.6605577383977252,1.7157243655744654,4,12,3
49,1.6605577383977252,1.7157243655744654,4,12,3
50,1.6605577383977252,1.7157243655744654,4,12,3
51,1.6605577383977252,1.7157243655744654,4,12,3
52,1.6605577383977252,1.7157243655744654,4,12,3
53,1.6605577383977252,1.7157243655744654,4,12,3
54,1.6605577383977252,1.7157243655744654,4,12,3
55,1.6605577383977252,1.7157243655744654,4,12,3
56,1.6605577383977252,1.7157243655744654,4,12,3
57,1.6605577383977252,1.7157243655744654,4,12,3
58,1.6605577383977252,1.7157243655744654,4,12,3
59,1.6605577383977252,1.7157243655744654,4,12,3
60,1.6605577383977252,1.7157243655744654,4,12,3
61,1.6605577383977252,1.7157243655744654,4,12,3
62,1.6605577383977252,1.7157243655744654,4,12,3
63,1.6605577383977252,1.7157243655744654,4,12,3
64,1.6605577383977252,1.7157243655744654,4,12,3
65,1.6605577383977252,1.7157243655744654,4,12,3
66,1.6605577383977252,1.7157243655744654,4,12,3
67,1.6605577383977252,1.7157243655744654,4,12,3
68,1.6605577383977252,1.7157243655744654,4,12,3
69,1.6605577383977252,1.7157243655744654,4,12,3
70,1.6605577383977252,1.7157243655744654,4,12,3
71,1.6605577383977252,1.7157243655744654,4,12,3
72,1.6605577383977252,1.7157243655744654,4,12,3
73,1.6605577383977252,1.7157243655744654,4,12,3
74,1.6605577383977252,1.7157243655744654,4,12,3
75,1.6605577383977252,1.7157243655744654,4,12,3
76,1.6605577383977252,1.7157243655744654,4,12,3
77,1.6605577383977252,1.7157243655744654,4,12,3
78,1.6605577383977252,1.7157243655744654,4,12,3
79,1.6605577383977252,1.7157243655744654,4,12,3
80,1.6605577383977252,1.7157243655744654,4,12,3
81,1.6605577383977252,1.7157243655744654,4,12,3
82,1.6605577383977252,1.7157243655744654,4,12,3
83,1.6605577383977252,1.7157243655744654,4,12,3
84,1.6605577383977252,1.7157243655744654,4,12,3
85,1.6605577383977252,1.7157243655744654,4,12,3
86,1.6605577383977252,1.7157243655744654,4,12,3
87,1.6605577383977252,1.7157243655744654,4,12,3
88,1.6605577383977252,1.7157243655744654,4,12,3
89,1.6605577383977252,1.7157243655744654,4,12,3
90,1.6605577383977252,1.7157243655744654,4,12,3
91,1.6605577383977252,1.7157243655744654,4,12,3
92,1.6605577383977252,1.7157243655744654,4,12,3
93,1.6605577383977252,1.7157243655744654,4,12,3
94,1.6605577383977252,1.7157243655744654,4,12,3
95,1.6605577383977252,1.7157243655744654,4,12,3
96,1.6605577383977252,1.7157243655744654,4,12,3
97,1.6605577383977252,1.7157243655744654,4,12,3
98,1.6605577383977252,1.7157243655744654,4,12,3
99,1.6605577383977252,1.7157243655744654,4,12,3
100,1.6605577383977252,1.7157243655744654,4,12,3
101,1.6605577383977252,1.7157243655744654,4,12,3
102,1.6605577383977252,1.7157243655744654,4,12,3
103,1.6605577383977252,1.7157243655744654,4,12,3
104,1.6605577383977252,1.7157243655744654,4,12,3
105,1.6605577383977252,1.7157243655744654,4,12,3
106,1.6605577383977252,1.7157243655744654,4,12,3
107,1.6605577383977252,1.7157243655744654,4,12,3
108,1.6605577383977252,1.7157243655744654,4,12,3
109,1.6605577383977252,1.7157243655744654,4,12,3
110,1.6605577383977252,1.7157243655744654,4,12,3
111,1.6605577383977252,1.7157243655744654,4,12,3
112,1.6605577383977252,1.7157243655744654,4,12,3
113,1.6605577383977252,1.7157243655744654,4,12,3
114,1.6605577383977252,1.7157243655744654,4,12,3
115,1.6605577383977252,1.7157243655744654,4,12,3
116,1.6605577383977252,1.7157243655744654,4,12,3
117,1.6605577383977252,1.7157243655744654,4,12,3
118,1.6605577383977252,1.7157243655744654,4,12,3
119,1.6605577383977252,1.7157243655744654,4,12,3
120,1.6605577383977252,1.7157243655744654,4,12,3
121,1.6605577383977252,1.7157243655744654,4,12,3
122,1.6605577383977252,1.7157243655744654,4,12,3
123,1.6605577383977252,1.7157243655744654,4,12,3
124,1.6605577383977252,1.7157243655744654,4,12,3
125,1.6605577383977252,1.7157243655744654,4,12,3
126,1.6605577383977252,1.7157243655744654,4,12,3
127,1.6605577383977252,1.7157243655744654,4,12,3
128,1.6605577383977252,1.7157243655744654,4,12,3
129,1.6605577383977252,1.7157243655744654,4,12,3
130,1.6605577383977252,1.7157243655744654,4,12,3
131,1.6605577383977252,1.7157243655744654,4,12,3
132,1.6605577383977252,1.7157243655744654,4,12,3
133,1.6605577383977252,1.7157243655744654,4,12,3
134,1.6605577383977252,1.7157243655744654,4,12,3
135,1.6605577383977252,1.7157243655744654,4,12,3
136,1.6605577383977252,1.7157243655744654,4,12,3
137,1.6605577383977252,1.7157243655744654,4,12,3
138,1.6605577383977252,1.7157243655744654,4,12,3
139,1.6605577383977252,1.7157243655744654,4,12,3
140,1.6605577383977252,1.7157243655744654,4,12,3
141,1.6605577383977252,1.7157243655744654,4,12,3
142,1.6605577383977252,1.7157243655744654,4,12,3
143,1.6605577383977252,1.7157243655744654,4,12,3
144,1.6605577383977252,1.7157243655744654,4,12,3
145,1.6605577383977252,1.7157243655744654,4,12,3
146,1.6605577383977252,1.7157243655744654,4,12,3
147,1.6605577383977252,1.7157243655744654,4,12,3
148,1.6605577383977252,1.7157243655744654,4,12,3
149,1.6605577383977252,1.7157243655744654,4,12,3
150,1.6605577383977252,1.7157243655744654,4,12,3
151,1.6605577383977252,1.7157243655744654,4,12,3
152,1.6605577383977252,1.7157243655744654,4,12,3
153,1.6605577383977252,1.7157243655744654,4,12,3
154,1.6605577383977252,1.7157243655744654,4,12,3
155,1.6605577383977252,1.7157243655744654,4,12,3
156,1.6605577383977252,1.7157243655744654,4,12,3
157,1.6605577383977252,1.7157243655744654,4,12,3
158,1.6605577383977252,1.7157243655744654,4,12,3
159,1.6605577383977252,1.7157243655744654,4,12,3
160,1.6605577383977252,1.7157243655744654,4,12,3
161,1.6605577383977252,1.7157243655744654,4,12,3
162,1.6605577383977252,1.7157243655744654,4,12,3
163,1.6605577383977252,1.7157243655744654,4,12,3
164,1.6605577383977252,1.7157243655744654,4,12,3
165,1.6605577383977252,1.7157243655744654,4,12,3
166,1.6605577383977252,1.7157243655744654,4,12,3
167,1.6605577383977252,1.7157243655744654,4,12,3
168,1.6605577383977252,1.7157243655744654,4,12,3
169,1.6605577383977252,1.7157243655744654,4,12,3
170,1.6605577383977252,1.7157243655744654,4,12,3
171,1.6605577383977252,1.7157243655744654,4,12,3
172,1.6605577383977252,1.7157243655744654,4,12,3
173,1.6605577383977252,1.7157243655744654,4,12,3
174,1.6605577383977252,1.7157243655744654,4,12,3
175,1.6605577383977252,1.7157243655744654,4,12,3
176,1.6605577383977252,1.7157243655744654,4,12,3
177,1.6605577383977252,1.7157243655744654,4,12,3
178,1.6605577383977252,1.7157243655744654,4,12,3
179,1.6605577383977252,1.7157243655744654,4,12,3
180,1.6605577383977252,1.7157243655744654,4,12,3
181,1.6605577383977252,1.7157243655744654,4,12,3
182,1.6605577383977252,1.7157243655744654,4,12,3
183,1.6605577383977252,1.7157243655744654,4,12,3
184,1.6605577383977252,1.7157243655744654,4,12,3
185,1.6605577383977252,1.7157243655744654,4,12,3
186,1.6605577383977252,1.7157243655744654,4,12,3
187,1.6605577383977252,1.7157243655744654,4,12,3
188,1.6605577383977252,1.7157243655744654,4,12,3
189,1.6605577383977252,1.7157243655744654,4,12,3
190,1.6605577383977252,1.7157243655744654,4,12,3
191,1.6605577383977252,1.7157243655744654,4,12,3
192,1.6605577383977252,1.7157243655744654,4,12,3
193,1.6605577383977252,1.7157243655744654,4,12,3
194,1.6605577383977252,1.7157243655744654,4,12,3
195,1.6605577383977252,1.7157243655744654,4,12,3
196,1.6605577383977252,1.7157243655744654,4,12,3
197,1.6605577383977252,1.7157243655744654,4,12,3
198,1.6605577383977252,1.7157243655744654,4,12,3
199,1.6605577383977252,1.7157243655744654,4,12,3
200,1.6605577383977252,1.7157243655744654,4,12,3
201,1.6605577383977252,1.7157243655744654,4,12,3
202,1.6605577383977252,1.7157243655744654,4,12,3
203,1.6605577383977252,1.7157243655744654,4,12,3
204,1.6605577383977252,1.7157243655744654,4,12,3
205,1.6605577383977252,1.7157243655744654,4,12,3
206,1.6605577383977252,1.7157243655744654,4,12,3
207,1.6605577383977252,1.7157243655744654,4,12,3
208,1.6605577383977252,1.7157243655744654,4,12,3
209,1.6605577383977252,1.7157243655744654,4,12,3
210,1.6605577383977252,1.7157243655744654,4,12,3
211,1.6605577383977252,1.7157243655744654,4,12,3
212,1.6605577383977252,1.7157243655744654,4,12,3
213,1.6605577383977252,1.7157243655744654,4,12,3
214,1.6605577383977252,1.7157243655744654,4,12,3
215,1.6605577383977252,1.7157243655744654,4,12,3
216,1.6605577383977252,1.7157243655744654,4,12,3
217,1.6605577383977252,1.7157243655744654,4,12,3
218,1.6605577383977252,1.7157243655744654,4,12,3
219,1.6605577383977252,1.7157243655744654,4,12,3
220,1.6605577383977252,1.7157243655744654,4,12,3
221,1.6605577383977252,1.7157243655744654,4,12,3
222,1.6605577383977252,1.7157243655744654,4,12,3
223,1.6605577383977252,1.7157243655744654,4,12,3
224,1.6605577383977252,1.7157243655744654,4,12,3
225,1.6605577383977252,1.7157243655744654,4,12,3
226,1.6605577383977252,1.7157243655744654,4,12,3
227,1.6605577383977252,1.7157243655744654,4,12,3
228,1.6605577383977252,1.7157243655744654,4,12,3
229,1.6605577383977252,1.7157243655744654,4,12,3
230,1.6605577383977252,1.7157243655744654,4,12,3
231,1.6605577383977252,1.7157243655744654,4,12,3
232,1.6605577383977252,1.7157243655744654,4,12,3
233,1.6605577383977252,1.7157243655744654,4,12,3
234,1.6605577383977252,1.7157243655744654,4,12,3
235,1.6605577383977252,1.7157243655744654,4,12,3
236,1.6605577383977252,1.7157243655744654,4,12,3
237,1.6605577383977252,1.7157243655744654,4,12,3
238,1.6605577383977252,1.7157243655744654,4,12,3
239,1.6605577383977252,1.7157243655744654,4,12,3
240,1.6605577383977252,1.7157243655744654,4,12,3
241,1.6605577383977252,1.7157243655744654,4,12,3
242,1.6605577383977252,1.7157243655744654,4,12,3
243,1.6605577383977252,1.7157243655744654,4,12,3
244,1.6605577383977252,1.7157243655744654,4,12,3
245,1.6605577383977252,1.7157243655744654,4,12,3
246,1.6605577383977252,1.7157243655744654,4,12,3
247,1.6605577383977252,1.7157243655744654,4,12,3
248,1.6605577383977252,1.7157243655744654,4,12,3
249,1.6605577383977252,1.7157243655744654,4,12,3
250,1.6605577383977252,1.7157243655744654,4,12,3
251,1.6605577383977252,1.7157243655744654,4,12,3
252,1.6605577383977252,1.7157243655744654,4,12,3
253,1.6605577383977252,1.7157243655744654,4,12,3
254,1.6605577383977252,1.7157243655744654,4,12,3
255,1.6605577383977252,1.7157243655744654,4,12,3
256,1.6605577383977252,1.7157243655744654,4,12,3
257,1.6605577383977252,1.7157243655744654,4,12,3
258,1.6605577383977252,1.7157243655744654,4,12,3
259,1.6605577383977252,1.7157243655744654,4,12,3
260,1.6605577383977252,1.7157243655744654,4,12,3
261,1.6605577383977252,1.7157243655744654,4,12,3
262,1.6605577383977252,1.7157243655744654,4,12,3
263,1.6605577383977252,1.7157243655744654,4,12,3
264,1.6605577383977252,1.7157243655744654,4,12,3
265,1.6605577383977252,1.7157243655744654,4,12,3
266,1.6605577383977252,1.7157243655744654,4,12,3
267,1.6605577383977252,1.7157243655744654,4,12,3
268,1.6605577383977252,1.7157243655744654,4,12,3
269,1.6605577383977252,1.7157243655744654,4,12,3
270,1.6605577383977252,1.7157243655744654,4,12,3
271,1.6605577383977252,1.7157243655744654,4,12,3
272,1.6605577383977252,1.7157243655744654,4,12,3
273,1.6605577383977252,1.7157243655744654,4,12,3
274,1.6605577383977252,1.7157243655744654,4,12,3
275,1.6605577383977252,1.7157243655744654,4,12,3
276,1.6605577383977252,1.7157243655744654,4,12,3
277,1.6605577383977252,1.7157243655744654,4,12,3
278,1.6605577383977252,1.7157243655744654,4,12,3
279,1.6605577383977252,1.7157243655744654,4,12,3
280,1.6605577383977252,1.7157243655744654,4,12,3
281,1.6605577383977252,1.7157243655744654,4,12,3
282,1.6605577383977252,1.7157243655744654,4,12,3
283,1.6605577383977252,1.7157243655744654,4,12,3
284,1.6605577383977252,1.7157243655744654,4,12,3
285,1.6605577383977252,1.7157243655744654,4,12,3
286,1.6605577383977252,1.7157243655744654,4,12,3
287,1.6605577383977252,1.7157243655744654,4,12,3
288,1.6605577383977252,1.7157243655744654,4,12,3
289,1.6605577383977252,1.7157243655744654,4,12,3
290,1.6605577383977252,1.7157243655744654,4,12,3
291,1.6605577383977252,1.7157243655744654,4,12,3
292,1.6605577383977252,1.7157243655744654,4,12,3
293,1.6605577383977252,1.7157243655744654,4,12,3
294,1.6605577383977252,1.7157243655744654,4,12,3
295,1.6605577383977252,1.7157243655744654,4,12,3
296,1.6605577383977252,1.7157243655744654,4,12,3
297,1.6605577383977252,1.7157243655744654,4,12,3
298,1.6605577383977252,1.7157243655744654,4,12,3
299,1.6605577383977252,1.7157243655744654,4,12,3
300,1.6605577383977252,1.7157243655744654,4,12,3
301,1.6605577383977252,1.7157243655744654,4,12,3
302,1.6605577383977252,1.7157243655744654,4,12,3
303,1.6605577383977252,1.7157243655744654,4,12,3
304,1.6605577383977252,1.7157243655744654,4,12,3
305,1.6605577383977252,1.7157243655744654,4,12,3
306,1.6605577383977252,1.7157243655744654,4,12,3
307,1.6605577383977252,1.7157243655744654,4,12,3
308,1.6605577383977252,1.7157243655744654,4,12,3
309,1.6605577383977252,1.7157243655744654,4,12,3
310,1.6605577383977252,1.7157243655744654,4,12,3
311,1.6605577383977252,1.7157243655744654,4,12,3
312,1.6605577383977252,1.7157243655744654,4,12,3
313,1.6605577383977252,1.7157243655744654,4,12,3
314,1.6605577383977252,1.7157243655744654,4,12,3
315,1.6605577383977252,1.7157243655744654,4,12,3
316,1.6605577383977252,1.7157243655744654,4,12,3
317,1.6605577383977252,1.7157243655744654,4,12,3
318,1.6605577383977252,1.7157243655744654,4,12,3
319,1.6605577383977252,1.7157243655744654,4,12,3
320,1.6605577383977252,1.7157243655744654,4,12,3
321,1.6605577383977252,1.7157243655744654,4,12,3
322,1.6605577383977252,1.7157243655744654,4,12,3
323,1.6605577383977252,1.7157243655744654,4,12,3
324,1.6605577383977252,1.7157243655744654,4,12,3
325,1.6605577383977252,1.7157243655744654,4,12,3
326,1.6605577383977252,1.7157243655744654,4,12,3
327,1.6605577383977252,1.7157243655744654,4,12,3
328,1.6605577383977252,1.7157243655744654,4,12,3
329,1.6605577383977252,1.7157243655744654,4,12,3
330,1.6605577383977252,1.7157243655744654,4,12,3
331,1.6605577383977252,1.7157243655744654,4,12,3
332,1.6605577383977252,1.7157243655744654,4,12,3
333,1.6605577383977252,1.7157243655744654,4,12,3
334,1.6605577383977252,1.7157243655744654,4,12,3
335,1.6605577383977252,1.7157243655744654,4,12,3
336,1.6605577383977252,1.7157243655744654,4,12,3
337,1.6605577383977252,1.7157243655744654,4,12,3
338,1.6605577383977252,1.7157243655744654,4,12,3
339,1.6605577383977252,1.7157243655744654,4,12,3
340,1.6605577383977252,1.7157243655744654,4,12,3
341,1.6605577383977252,1.7157243655744654,4,12,3
342,1.6605577383977252,1.7157243655744654,4,12,3
343,1.6605577383977252,1.7157243655744654,4,12,3
344,1.6605577383977252,1.7157243655744654,4,12,3
345,1.6605577383977252,1.7157243655744654,4,12,3
346,1.6605577383977252,1.7157243655744654,4,12,3
347,1.6605577383977252,1.7157243655744654,4,12,3
348,1.6605577383977252,1.7157243655744654,4,12,3
349,1.6605577383977252,1.7157243655744654,4,12,3
350,1.6605577383977252,1.7157243655744654,4,12,3
351,1.6605577383977252,1.7157243655744654,4,12,3
352,1.6605577383977252,1.7157243655744654,4,12,3
353,1.6605577383977252,1.7157243655744654,4,12,3
354,1.6605577383977252,1.7157243655744654,4,12,3
355,1.6605577383977252,1.7157243655744654,4,12,3
356,1.6605577383977252,1.7157243655744654,4,12,3
357,1.6605577383977252,1.7157243655744654,4,12,3
358,1.6605577383977252,1.7157243655744654,4,12,3
359,1.6605577383977252,1.7157243655744654,4,12,3
360,1.6605577383977252,1.7157243655744654,4,12,3
361,1.6605577383977252,1.7157243655744654,4,12,3
362,1.6605577383977252,1.7157243655744654,4,12,3
363,1.6605577383977252,1.7157243655744654,4,12,3
364,1.6605577383977252,1.7157243655744654,4,12,3
365,1.6605577383977252,1.7157243655744654,4,12,3
366,1.6605577383977252,1.7157243655744654,4,12,3
367,1.6605577383977252,1.7157243655744654,4,12,3
368,1.6605577383977252,1.7157243655744654,4,12,3
369,1.6605577383977252,1.7157243655744654,4,12,3
370,1.6605577383977252,1.7157243655744654,4,12,3
371,1.6605577383977252,1.7157243655744654,4,12,3
372,1.6605577383977252,1.7157243655744654,4,12,3
373,1.6605577383977252,1.7157243655744654,4,12,3
374,1.6605577383977252,1.7157243655744654,4,12,3
375,1.6605577383977252,1.7157243655744654,4,12,3
376,1.6605577383977252,1.7157243655744654,4,12,3
377,1.6605577383977252,1.7157243655744654,4,12,3
378,1.6605577383977252,1.7157243655744654,4,12,3
379,1.6605577383977252,1.7157243655744654,4,12,3
380,1.6605577383977252,1.7157243655744654,4,12,3
381,1.6605577383977252,1.7157243655744654,4,12,3
382,1.6605577383977252,1.7157243655744654,4,12,3
383,1.6605577383977252,1.7157243655744654,4,12,3
384,1.6605577383977252,1.7157243655744654,4,12,3
385,1.6605577383977252,1.7157243655744654,4,12,3
386,1.6605577383977252,1.7157243655744654,4,12,3
387,1.6605577383977252,1.7157243655744654,4,12,3
388,1.6605577383977252,1.7157243655744654,4,12,3
389,1.6605577383977252,1.7157243655744654,4,12,3
390,1.6605577383977252,1.7157243655744654,4,12,3
391,1.6605577383977252,1.7157243655744654,4,12,3
392,1.6605577383977252,1.7157243655744654,4,12,3
393,1.6605577383977252,1.7157243655744654,4,12,3
394,1.6605577383977252,1.7157243655744654,4,12,3
395,1.6605577383977252,1.7157243655744654,4,12,3
396,1.6605577383977252,1.7157243655744654,4,12,3
397,1.6605577383977252,1.7157243655744654,4,12,3
398,1.6605577383977252,1.7157243655744654,4,12,3
399,1.6605577383977252,1.7157243655744654,4,12,3
400,1.6605577383977252,1.7157243655744654,4,12,3
401,1.6605577383977252,1.7157243655744654,4,12,3
402,1.6605577383977252,1.7157243655744654,4,12,3
403,1.6605577383977252,1.7157243655744654,4,12,3
404,1.6605577383977252,1.7157243655744654,4,12,3
405,1.6605577383977252,1.7157243655744654,4,12,3
406,1.6605577383977252,1.7157243655744654,4,12,3
407,1.6605577383977252,1.7157243655744654,4,12,3
408,1.6605577383977252,1.7157243655744654,4,12,3
409,1.6605577383977252,1.7157243655744654,4,12,3
410,1.6605577383977252,1.7157243655744654,4,12,3
411,1.6605577383977252,1.7157243655744654,4,12,3
412,1.6605577383977252,1.7157243655744654,4,12,3
413,1.6605577383977252,1.7157243655744654,4,12,3
414,1.6605577383977252,1.7157243655744654,4,12,3
415,1.6605577383977252,1.7157243655744654,4,12,3
416,1.6605577383977252,1.7157243655744654,4,12,3
417,1.6605577383977252,1.7157243655744654,4,12,3
418,1.6605577383977252,1.7157243655744654,4,12,3
419,1.6605577383977252,1.7157243655744654,4,12,3
420,1.6605577383977252,1.7157243655744654,4,12,3
421,1.6605577383977252,1.7157243655744654,4,12,3
422,1.6605577383977252,1.7157243655744654,4,12,3
423,1.6605577383977252,1.7157243655744654,4,12,3
424,1.6605577383977252,1.7157243655744654,4,12,3
425,1.6605577383977252,1.7157243655744654,4,12,3
426,1.6605577383977252,1.7157243655744654,4,12,3
427,1.6605577383977252,1.7157243655744654,4,12,3
428,1.6605577383977252,1.7157243655744654,4,12,3
429,1.6605577383977252,1.7157243655744654,4,12,3
430,1.6605577383977252,1.7157243655744654,4,12,3
431,1.6605577383977252,1.7157243655744654,4,12,3
432,1.6605577383977252,1.7157243655744654,4,12,3
433,1.6605577383977252,1.7157243655744654,4,12,3
434,1.6605577383977252,1.7157243655744654,4,12,3
435,1.6605577383977252,1.7157243655744654,4,12,3
436,1.6605577383977252,1.7157243655744654,4,12,3
437,1.6605577383977252,1.7157243655744654,4,12,3
438,1.6605577383977252,1.7157243655744654,4,12,3
439,1.6605577383977252,1.7157243655744654,4,12,3
440,1.6605577383977252,1.7157243655744654,4,12,3
441,1.6605577383977252,1.7157243655744654,4,12,3
442,1.6605577383977252,1.7157243655744654,4,12,3
443,1.6605577383977252,1.7157243655744654,4,12,3
444,1.6605577383977252,1.7157243655744654,4,12,3
445,1.6605577383977252,1.7157243655744654,4,12,3
446,1.6605577383977252,1.7157243655744654,4,12,3
447,1.6605577383977252,1.7157243655744654,4,12,3
448,1.6605577383977252,1.7157243655744654,4,12,3
449,1.6605577383977252,1.7157243655744654,4,12,3
450,1.6605577383977252,1.7157243655744654,4,12,3
451,1.6605577383977252,1.7157243655744654,4,12,3
452,1.6605577383977252,1.7157243655744654,4,12,3
453,1.6605577383977252,1.7157243655744654,4,12,3
454,1.6605577383977252,1.7157243655744654,4,12,3
455,1.6605577383977252,1.7157243655744654,4,12,3
456,1.6605577383977252,1.7157243655744654,4,12,3
457,1.6605577383977252,1.7157243655744654,4,12,3
458,1.6605577383977252,1.7157243655744654,4,12,3
459,1.6605577383977252,1.7157243655744654,4,12,3
460,1.6605577383977252,1.7157243655744654,4,12,3
461,1.6605577383977252,1.7157243655744654,4,12,3
462,1.6605577383977252,1.7157243655744654,4,12,3
463,1.6605577383977252,1.7157243655744654,4,12,3
464,1.6605577383977252,1.7157243655744654,4,12,3
465,1.6605577383977252,1.7157243655744654,4,12,3
466,1.6605577383977252,1.7157243655744654,4,12,3
467,1.6605577383977252,1.7157243655744654,4,12,3
468,1.6605577383977252,1.7157243655744654,4,12,3
469,1.6605577383977252,1.7157243655744654,4,12,3
470,1.6605577383977252,1.7157243655744654,4,12,3
471,1.6605577383977252,1.7157243655744654,4,12,3
472,1.6605577383977252,1.7157243655744654,4,12,3
473,1.6605577383977252,1.7157243655744654,4,12,3
474,1.6605577383977252,1.7157243655744654,4,12,3
475,1.6605577383977252,1.7157243655744654,4,12,3
476,1.6605577383977252,1.7157243655744654,4,12,3
477,1.6605577383977252,1.7157243655744654,4,12,3
478,1.6605577383977252,1.7157243655744654,4,12,3
479,1.6605577383977252,1.7157243655744654,4,12,3
480,1.6605577383977252,1.7157243655744654,4,12,3
481,1.6605577383977252,1.7157243655744654,4,12,3
482,1.6605577383977252,1.7157243655744654,4,12,3
483,1.6605577383977252,1.7157243655744654,4,12,3
484,1.6605577383977252,1.7157243655744654,4,12,3
485,1.6605577383977252,1.7157243655744654,4,12,3
486,1.6605577383977252,1.7157243655744654,4,12,3
487,1.6605577383977252,1.7157243655744654,4,12,3
488,1.6605577383977252,1.7157243655744654,4,12,3
489,1.6605577383977252,1.7157243655744654,4,12,3
490,1.6605577383977252,1.7157243655744654,4,12,3
491,1.6605577383977252,1.7157243655744654,4,12,3
492,1.6605577383977252,1.7157243655744654,4,12,3
493,1.6605577383977252,1.7157243655744654,4,12,3
494,1.6605577383977252,1.7157243655744654,4,12,3
495,1.6605577383977252,1.7157243655744654,4,12,3
496,1.6605577383977252,1.7157243655744654,4,12,3
497,1.6605577383977252,1.7157243655744654,4,12,3
498,1.6605577383977252,1.7157243655744654,4,12,3
499,1.6605577383977252,1.7157243655744654,4,12,3
500,1.6605577383977252,1.7157243655744654,4,12,3
501,1.6605577383977252,1.7157243655744654,4,12,3
502,1.6605577383977252,1.7157243655744654,4,12,3
503,1.6605577383977252,1.7157243655744654,4,12,3
504,1.6605577383977252,1.7157243655744654,4,12,3
505,1.6605577383977252,1.7157243655744654,4,12,3
506,1.6605577383977252,1.7157243655744654,4,12,3
507,1.6605577383977252,1.7157243655744654,4,12,3
508,1.6605577383977252,1.7157243655744654,4,12,3
509,1.6605577383977252,1.7157243655744654,4,12,3
510,1.6605577383977252,1.7157243655744654,4,12,3
511,1.6605577383977252,1.7157243655744654,4,12,3
512,1.6605577383977252,1.7157243655744654,4,12,3
513,1.6605577383977252,1.7157243655744654,4,12,3
514,1.6605577383977252,1.7157243655744654,4,12,3
515,1.6605577383977252,1.7157243655744654,4,12,3
516,1.6605577383977252,1.7157243655744654,4,12,3
517,1.6605577383977252,1.7157243655744654,4,12,3
518,1.6605577383977252,1.7157243655744654,4,12,3
519,1.6605577383977252,1.7157243655744654,4,12,3
520,1.6605577383977252,1.7157243655744654,4,12,3
521,1.6605577383977252,1.7157243655744654,4,12,3
522,1.6605577383977252,1.7157243655744654,4,12,3
523,1.6605577383977252,1.7157243655744654,4,12,3
524,1.6605577383977252,1.7157243655744654,4,12,3
525,1.6605577383977252,1.7157243655744654,4,12,3
526,1.6605577383977252,1.7157243655744654,4,12,3
527,1.6605577383977252,1.7157243655744654,4,12,3
528,1.6605577383977252,1.7157243655744654,4,12,3
529,1.6605577383977252,1.7157243655744654,4,12,3
530,1.6605577383977252,1.7157243655744654,4,12,3
531,1.6605577383977252,1.7157243655744654,4,12,3
532,1.6605577383977252,1.7157243655744654,4,12,3
533,1.6605577383977252,1.7157243655744654,4,12,3
534,1.6605577383977252,1.7157243655744654,4,12,3
535,1.6605577383977252,1.7157243655744654,4,12,3
536,1.6605577383977252,1.7157243655744654,4,12,3
537,1.6605577383977252,1.7157243655744654,4,12,3
538,1.6605577383977252,1.7157243655744654,4,12,3
539,1.6605577383977252,1.7157243655744654,4,12,3
540,1.6605577383977252,1.7157243655744654,4,12,3
541,1.6605577383977252,1.7157243655744654,4,12,3
542,1.6605577383977252,1.7157243655744654,4,12,3
543,1.6605577383977252,1.7157243655744654,4,12,3
544,1.6605577383977252,1.7157243655744654,4,12,3
545,1.6605577383977252,1.7157243655744654,4,12,3
546,1.6605577383977252,1.7157243655744654,4,12,3
547,1.6605577383977252,1.7157243655744654,4,12,3
548,1.6605577383977252,1.7157243655744654,4,12,3
549,1.6605577383977252,1.7157243655744654,4,12,3
550,1.6605577383977252,1.7157243655744654,4,12,3
551,1.6605577383977252,1.7157243655744654,4,12,3
552,1.6605577383977252,1.7157243655744654,4,12,3
553,1.6605577383977252,1.7157243655744654,4,12,3
554,1.6605577383977252,1.7157243655744654,4,12,3
555,1.6605577383977252,1.7157243655744654,4,12,3
556,1.6605577383977252,1.7157243655744654,4,12,3
557,1.6605577383977252,1.7157243655744654,4,12,3
558,1.6605577383977252,1.7157243655744654,4,12,3
559,1.6605577383977252,1.7157243655744654,4,12,3
560,1.6605577383977252,1.7157243655744654,4,12,3
561,1.6605577383977252,1.7157243655744654,4,12,3
562,1.6605577383977252,1.7157243655744654,4,12,3
563,1.6605577383977252,1.7157243655744654,4,12,3
564,1.6605577383977252,1.7157243655744654,4,12,3
565,1.6605577383977252,1.7157243655744654,4,12,3
566,1.6605577383977252,1.7157243655744654,4,12,3
567,1.6605577383977252,1.7157243655744654,4,12,3
568,1.6605577383977252,1.7157243655744654,4,12,3
569,1.6605577383977252,1.7157243655744654,4,12,3
570,1.6605577383977252,1.7157243655744654,4,12,3
571,1.6605577383977252,1.7157243655744654,4,12,3
572,1.6605577383977252,1.7157243655744654,4,12,3
573,1.6605577383977252,1.7157243655744654,4,12,3
574,1.6605577383977252,1.7157243655744654,4,12,3
575,1.6605577383977252,1.7157243655744654,4,12,3
576,1.6605577383977252,1.7157243655744654,4,12,3
577,1.6605577383977252,1.7157243655744654,4,12,3
578,1.6605577383977252,1.7157243655744654,4,12,3
579,1.6605577383977252,1.7157243655744654,4,12,3
580,1.6605577383977252,1.7157243655744654,4,12,3
581,1.6605577383977252,1.7157243655744654,4,12,3
582,1.6605577383977252,1.7157243655744654,4,12,3
583,1.6605577383977252,1.7157243655744654,4,12,3
584,1.6605577383977252,1.7157243655744654,4,12,3
585,1.6605577383977252,1.7157243655744654,4,12,3
586,1.6605577383977252,1.7157243655744654,4,12,3
587,1.6605577383977252,1.7157243655744654,4,12,3
588,1.6605577383977252,1.7157243655744654,4,12,3
589,1.6605577383977252,1.7157243655744654,4,12,3
590,1.6605577383977252,1.7157243655744654,4,12,3
591,1.6605577383977252,1.7157243655744654,4,12,3
592,1.6605577383977252,1.7157243655744654,4,12,3
593,1.6605577383977252,1.7157243655744654,4,12,3
594,1.6605577383977252,1.7157243655744654,4,12,3
595,1.6605577383977252,1.7157243655744654,4,12,3
596,1.6605577383977252,1.7157243655744654,4,12,3
597,1.6605577383977252,1.7157243655744654,4,12,3
598,1.6605577383977252,1.7157243655744654,4,12,3
599,1.6605577383977252,1.7157243655744654,4,12,3
600,1.6605577383977252,1.7157243655744654,4,12,3
601,1.6605577383977252,1.7157243655744654,4,12,3
602,1.6605577383977252,1.7157243655744654,4,12,3
603,1.6605577383977252,1.7157243655744654,4,12,3
604,1.6605577383977252,1.7157243655744654,4,12,3
605,1.6605577383977252,1.7157243655744654,4,12,3
606,1.6605577383977252,1.7157243655744654,4,12,3
607,1.6605577383977252,1.7157243655744654,4,12,3
608,1.6605577383977252,1.7157243655744654,4,12,3
609,1.6605577383977252,1.7157243655744654,4,12,3
610,1.6605577383977252,1.7157243655744654,4,12,3
611,1.6605577383977252,1.7157243655744654,4,12,3
612,1.6605577383977252,1.7157243655744654,4,12,3
613,1.6605577383977252,1.7157243655744654,4,12,3
614,1.6605577383977252,1.7157243655744654,4,12,3
615,1.6605577383977252,1.7157243655744654,4,12,3
616,1.6605577383977252,1.7157243655744654,4,12,3
617,1.6605577383977252,1.7157243655744654,4,12,3
618,1.6605577383977252,1.7157243655744654,4,12,3
619,1.6605577383977252,1.7157243655744654,4,12,3
620,1.6605577383977252,1.7157243655744654,4,12,3
621,1.6605577383977252,1.7157243655744654,4,12,3
622,1.6605577383977252,1.7157243655744654,4,12,3
623,1.6605577383977252,1.7157243655744654,4,12,3
624,1.6605577383977252,1.7157243655744654,4,12,3
625,1.6605577383977252,1.7157243655744654,4,12,3
626,1.6605577383977252,1.7157243655744654,4,12,3
627,1.6605577383977252,1.7157243655744654,4,12,3
628,1.6605577383977252,1.7157243655744654,4,12,3
629,1.6605577383977252,1.7157243655744654,4,12,3
630,1.6605577383977252,1.7157243655744654,4,12,3
631,1.6605577383977252,1.7157243655744654,4,12,3
632,1.6605577383977252,1.7157243655744654,4,12,3
633,1.6605577383977252,1.7157243655744654,4,12,3
634,1.6605577383977252,1.7157243655744654,4,12,3
635,1.6605577383977252,1.7157243655744654,4,12,3
636,1.6605577383977252,1.7157243655744654,4,12,3
637,1.6605577383977252,1.7157243655744654,4,12,3
638,1.6605577383977252,1.7157243655744654,4,12,3
639,1.6605577383977252,1.7157243655744654,4,12,3
640,1.6605577383977252,1.7157243655744654,4,12,3
641,1.6605577383977252,1.7157243655744654,4,12,3
642,1.6605577383977252,1.7157243655744654,4,12,3
643,1.6605577383977252,1.7157243655744654,4,12,3
644,1.6605577383977252,1.7157243655744654,4,12,3
645,1.6605577383977252,1.7157243655744654,4,12,3
646,1.6605577383977252,1.7157243655744654,4,12,3
647,1.6605577383977252,1.7157243655744654,4,12,3
648,1.6605577383977252,1.7157243655744654,4,12,3
649,1.6605577383977252,1.7157243655744654,4,12,3
650,1.6605577383977252,1.7157243655744654,4,12,3
651,1.6605577383977252,1.7157243655744654,4,12,3
652,1.6605577383977252,1.7157243655744654,4,12,3
653,1.6605577383977252,1.7157243655744654,4,12,3
654,1.6605577383977252,1.7157243655744654,4,12,3
655,1.6605577383977252,1.7157243655744654,4,12,3
656,1.6605577383977252,1.7157243655744654,4,12,3
657,1.6605577383977252,1.7157243655744654,4,12,3
658,1.6605577383977252,1.7157243655744654,4,12,3
659,1.6605577383977252,1.7157243655744654,4,12,3
660,1.6605577383977252,1.7157243655744654,4,12,3
661,1.6605577383977252,1.7157243655744654,4,12,3
662,1.6605577383977252,1.7157243655744654,4,12,3
663,1.6605577383977252,1.7157243655744654,4,12,3
664,1.6605577383977252,1.7157243655744654,4,12,3
665,1.6605577383977252,1.7157243655744654,4,12,3
666,1.6605577383977252,1.7157243655744654,4,12,3
667,1.6605577383977252,1.7157243655744654,4,12,3
668,1.6605577383977252,1.7157243655744654,4,12,3
669,1.6605577383977252,1.7157243655744654,4,12,3
670,1.6605577383977252,1.7157243655744654,4,12,3
671,1.6605577383977252,1.7157243655744654,4,12,3
672,1.6605577383977252,1.7157243655744654,4,12,3
673,1.6605577383977252,1.7157243655744654,4,12,3
674,1.6605577383977252,1.7157243655744654,4,12,3
675,1.6605577383977252,1.7157243655744654,4,12,3
676,1.6605577383977252,1.7157243655744654,4,12,3
677,1.6605577383977252,1.7157243655744654,4,12,3
678,1.6605577383977252,1.7157243655744654,4,12,3
679,1.6605577383977252,1.7157243655744654,4,12,3
680,1.6605577383977252,1.7157243655744654,4,12,3
681,1.6605577383977252,1.7157243655744654,4,12,3
682,1.6605577383977252,1.7157243655744654,4,12,3
683,1.6605577383977252,1.7157243655744654,4,12,3
684,1.6605577383977252,1.7157243655744654,4,12,3
685,1.6605577383977252,1.7157243655744654,4,12,3
686,1.6605577383977252,1.7157243655744654,4,12,3
687,1.6605577383977252,1.7157243655744654,4,12,3
688,1.6605577383977252,1.7157243655744654,4,12,3
689,1.6605577383977252,1.7157243655744654,4,12,3
690,1.6605577383977252,1.7157243655744654,4,12,3
691,1.6605577383977252,1.7157243655744654,4,12,3
692,1.6605577383977252,1.7157243655744654,4,12,3
693,1.6605577383977252,1.7157243655744654,4,12,3
694,1.6605577383977252,1.7157243655744654,4,12,3
695,1.6605577383977252,1.7157243655744654,4,12,3
696,1.6605577383977252,1.7157243655744654,4,12,3
697,1.6605577383977252,1.7157243655744654,4,12,3
698,1.6605577383977252,1.7157243655744654,4,12,3
699,1.6605577383977252,1.7157243655744654,4,12,3
700,1.6605577383977252,1.7157243655744654,4,12,3
701,1.6605577383977252,1.7157243655744654,4,12,3
702,1.6605577383977252,1.7157243655744654,4,12,3
703,1.6605577383977252,1.7157243655744654,4,12,3
704,1.6605577383977252,1.7157243655744654,4,12,3
705,1.6605577383977252,1.7157243655744654,4,12,3
706,1.6605577383977252,1.7157243655744654,4,12,3
707,1.6605577383977252,1.7157243655744654,4,12,3
708,1.6605577383977252,1.7157243655744654,4,12,3
709,1.6605577383977252,1.7157243655744654,4,12,3
710,1.6605577383977252,1.7157243655744654,4,12,3
711,1.6605577383977252,1.7157243655744654,4,12,3
712,1.6605577383977252,1.7157243655744654,4,12,3
713,1.6605577383977252,1.7157243655744654,4,12,3
714,1.6605577383977252,1.7157243655744654,4,12,3
715,1.6605577383977252,1.7157243655744654,4,12,3
716,1.6605577383977252,1.7157243655744654,4,12,3
717,1.6605577383977252,1.7157243655744654,4,12,3
718,1.6605577383977252,1.7157243655744654,4,12,3
719,1.6605577383977252,1.7157243655744654,4,12,3
720,1.6605577383977252,1.7157243655744654,4,12,3
721,1.6605577383977252,1.7157243655744654,4,12,3
722,1.6605577383977252,1.7157243655744654,4,12,3
723,1.6605577383977252,1.7157243655744654,4,12,3
724,1.6605577383977252,1.7157243655744654,4,12,3
725,1.6605577383977252,1.7157243655744654,4,12,3
726,1.6605577383977252,1.7157243655744654,4,12,3
727,1.6605577383977252,1.7157243655744654,4,12,3
728,1.6605577383977252,1.7157243655744654,4,12,3
729,1.6605577383977252,1.7157243655744654,4,12,3
730,1.6605577383977252,1.7157243655744654,4,12,3
731,1.6605577383977252,1.7157243655744654,4,12,3
732,1.6605577383977252,1.7157243655744654,4,12,3
733,1.6605577383977252,1.7157243655744654,4,12,3
734,1.6605577383977252,1.7157243655744654,4,12,3
735,1.6605577383977252,1.7157243655744654,4,12,3
736,1.6605577383977252,1.7157243655744654,4,12,3
737,1.6605577383977252,1.7157243655744654,4,12,3
738,1.6605577383977252,1.7157243655744654,4,12,3
739,1.6605577383977252,1.7157243655744654,4,12,3
740,1.6605577383977252,1.7157243655744654,4,12,3
741,1.6605577383977252,1.7157243655744654,4,12,3
742,1.6605577383977252,1.7157243655744654,4,12,3
743,1.6605577383977252,1.7157243655744654,4,12,3
744,1.6605577383977252,1.7157243655744654,4,12,3
745,1.6605577383977252,1.7157243655744654,4,12,3
746,1.6605577383977252,1.7157243655744654,4,12,3
747,1.6605577383977252,1.7157243655744654,4,12,3
748,1.6605577383977252,1.7157243655744654,4,12,3
749,1.6605577383977252,1.7157243655744654,4,12,3
750,1.6605577383977252,1.7157243655744654,4,12,3
751,1.6605577383977252,1.7157243655744654,4,12,3
752,1.6605577383977252,1.7157243655744654,4,12,3
753,1.6605577383977252,1.7157243655744654,4,12,3
754,1.6605577383977252,1.7157243655744654,4,12,3
755,1.6605577383977252,1.7157243655744654,4,12,3
756,1.6605577383977252,1.7157243655744654,4,12,3
757,1.6605577383977252,1.7157243655744654,4,12,3
758,1.6605577383977252,1.7157243655744654,4,12,3
759,1.6605577383977252,1.7157243655744654,4,12,3
760,1.6605577383977252,1.7157243655744654,4,12,3
761,1.6605577383977252,1.7157243655744654,4,12,3
762,1.6605577383977252,1.7157243655744654,4,12,3
763,1.6605577383977252,1.7157243655744654,4,12,3
764,1.6605577383977252,1.7157243655744654,4,12,3
765,1.6605577383977252,1.7157243655744654,4,12,3
766,1.6605577383977252,1.7157243655744654,4,12,3
767,1.6605577383977252,1.7157243655744654,4,12,3
768,1.6605577383977252,1.7157243655744654,4,12,3
769,1.6605577383977252,1.7157243655744654,4,12,3
770,1.6605577383977252,1.7157243655744654,4,12,3
771,1.6605577383977252,1.7157243655744654,4,12,3
772,1.6605577383977252,1.7157243655744654,4,12,3
773,1.6605577383977252,1.7157243655744654,4,12,3
774,1.6605577383977252,1.7157243655744654,4,12,3
775,1.6605577383977252,1.7157243655744654,4,12,3
776,1.6605577383977252,1.7157243655744654,4,12,3
777,1.6605577383977252,1.7157243655744654,4,12,3
778,1.6605577383977252,1.7157243655744654,4,12,3
779,1.6605577383977252,1.7157243655744654,4,12,3
780,1.6605577383977252,1.7157243655744654,4,12,3
781,1.6605577383977252,1.7157243655744654,4,12,3
782,1.6605577383977252,1.7157243655744654,4,12,3
783,1.6605577383977252,1.7157243655744654,4,12,3
784,1.6605577383977252,1.7157243655744654,4,12,3
785,1.6605577383977252,1.7157243655744654,4,12,3
786,1.6605577383977252,1.7157243655744654,4,12,3
787,1.6605577383977252,1.7157243655744654,4,12,3
788,1.6605577383977252,1.7157243655744654,4,12,3
789,1.6605577383977252,1.7157243655744654,4,12,3
790,1.6605577383977252,1.7157243655744654,4,12,3
791,1.6605577383977252,1.7157243655744654,4,12,3
792,1.6605577383977252,1.7157243655744654,4,12,3
793,1.6605577383977252,1.7157243655744654,4,12,3
794,1.6605577383977252,1.7157243655744654,4,12,3
795,1.6605577383977252,1.7157243655744654,4,12,3
796,1.6605577383977252,1.7157243655744654,4,12,3
797,1.6605577383977252,1.7157243655744654,4,12,3
798,1.6605577383977252,1.7157243655744654,4,12,3
799,1.6605577383977252,1.7157243655744654,4,12,3
800,1.6605577383977252,1.7157243655744654,4,12,3
801,1.6605577383977252,1.7157243655744654,4,12,3
802,1.6605577383977252,1.7157243655744654,4,12,3
803,1.6605577383977252,1.7157243655744654,4,12,3
804,1.6605577383977252,1.7157243655744654,4,12,3
805,1.6605577383977252,1.7157243655744654,4,12,3
806,1.6605577383977252,1.7157243655744654,4,12,3
807,1.6605577383977252,1.7157243655744654,4,12,3
808,1.6605577383977252,1.7157243655744654,4,12,3
809,1.6605577383977252,1.7157243655744654,4,12,3
810,1.6605577383977252,1.7157243655744654,4,12,3
811,1.6605577383977252,1.7157243655744654,4,12,3
812,1.6605577383977252,1.7157243655744654,4,12,3
813,1.6605577383977252,1.7157243655744654,4,12,3
814,1.6605577383977252,1.7157243655744654,4,12,3
815,1.6605577383977252,1.7157243655744654,4,12,3
816,1.6605577383977252,1.7157243655744654,4,12,3
817,1.6605577383977252,1.7157243655744654,4,12,3
818,1.6605577383977252,1.7157243655744654,4,12,3
819,1.6605577383977252,1.7157243655744654,4,12,3
820,1.6605577383977252,1.7157243655744654,4,12,3
821,1.6605577383977252,1.7157243655744654,4,12,3
822,1.6605577383977252,1.7157243655744654,4,12,3
823,1.6605577383977252,1.7157243655744654,4,12,3
824,1.6605577383977252,1.7157243655744654,4,12,3
825,1.6605577383977252,1.7157243655744654,4,12,3
826,1.6605577383977252,1.7157243655744654,4,12,3
827,1.6605577383977252,1.7157243655744654,4,12,3
828,1.6605577383977252,1.7157243655744654,4,12,3
829,1.6605577383977252,1.7157243655744654,4,12,3
830,1.6605577383977252,1.7157243655744654,4,12,3
831,1.6605577383977252,1.7157243655744654,4,12,3
832,1.6605577383977252,1.7157243655744654,4,12,3
833,1.6605577383977252,1.7157243655744654,4,12,3
834,1.6605577383977252,1.7157243655744654,4,12,3
835,1.6605577383977252,1.7157243655744654,4,12,3
836,1.6605577383977252,1.7157243655744654,4,12,3
837,1.6605577383977252,1.7157243655744654,4,12,3
838,1.6605577383977252,1.7157243655744654,4,12,3
839,1.6605577383977252,1.7157243655744654,4,12,3
840,1.6605577383977252,1.7157243655744654,4,12,3
841,1.6605577383977252,1.7157243655744654,4,12,3
842,1.6605577383977252,1.7157243655744654,4,12,3
843,1.6605577383977252,1.7157243655744654,4,12,3
844,1.6605577383977252,1.7157243655744654,4,12,3
845,1.6605577383977252,1.7157243655744654,4,12,3
846,1.6605577383977252,1.7157243655744654,4,12,3
847,1.6605577383977252,1.7157243655744654,4,12,3
848,1.6605577383977252,1.7157243655744654,4,12,3
849,1.6605577383977252,1.7157243655744654,4,12,3
850,1.6605577383977252,1.7157243655744654,4,12,3
851,1.6605577383977252,1.7157243655744654,4,12,3
852,1.6605577383977252,1.7157243655744654,4,12,3
853,1.6605577383977252,1.7157243655744654,4,12,3
854,1.6605577383977252,1.7157243655744654,4,12,3
855,1.6605577383977252,1.7157243655744654,4,12,3
856,1.6605577383977252,1.7157243655744654,4,12,3
857,1.6605577383977252,1.7157243655744654,4,12,3
858,1.6605577383977252,1.7157243655744654,4,12,3
859,1.6605577383977252,1.7157243655744654,4,12,3
860,1.6605577383977252,1.7157243655744654,4,12,3
861,1.6605577383977252,1.7157243655744654,4,12,3
862,1.6605577383977252,1.7157243655744654,4,12,3
863,1.6605577383977252,1.7157243655744654,4,12,3
864,1.6605577383977252,1.7157243655744654,4,12,3
865,1.6605577383977252,1.7157243655744654,4,12,3
866,1.6605577383977252,1.7157243655744654,4,12,3
867,1.6605577383977252,1.7157243655744654,4,12,3
868,1.6605577383977252,1.7157243655744654,4,12,3
869,1.6605577383977252,1.7157243655744654,4,12,3
870,1.6605577383977252,1.7157243655744654,4,12,3
enhanced,1.674098036797542,1.7291008991825816,4,11,3
